Row,Fav,MasterGridDataID,ObjLabel,TypeName,IsClosed,FilingDate,NumString,Applicant,Location,Descr,Status,StatusDate,ModifiedDate,IsDeleted,TotalFees,UnpaidFees,CanPayFees,PublicDocCount,IsLockedInt,IsLockedExt,CouncilDistrict,Zoning,Value,IsPublic,LU_JurisdictionID,X,Y,XWGS84,YWGS84,HouseNum,HouseNumInt,StreetName,City,St,Zip,Parcel,Guid,UserFavID,UserID,FavType,FavID,IsActive,IsDeleted1,ContactID,CanEdit,CanView,CanRenew,NeedAccept,Origin,Division,Next Compliance Date,Last Compliance Date,Open Violations,Total Violations,Next Hearing Date,Last Hearing Date
1601,False,231495,Code Incident,Tall Grass and Weeds,True,"5/9/2022 3:29:26 PM",2205C-0013-TGW,Anonymous,981 Smith Ave,Tall Grass and Weeds,Violations Remedied,"5/26/2022 4:45:00 PM","5/26/2022 4:34:26 PM",False,0.00,0.00,False,0,False,True,,,0.00,True,1,11373425.5100000,6853245.4100000,-78.8824174,38.4667159,981,981,Smith Ave,Harrisonburg,VA,22802,048 I 14,9371b3c5-4677-4fc6-966d-99983e373373,,,,,,,,False,True,,False,Citizen,P&Z,,,0,0,,
1602,False,231334,Code Incident,Tall Grass and Weeds,True,"4/29/2022 11:19:53 AM",2204C-0024-TGW,Anonymous,1204 Goldfinch Dr,Tall grass,Violations Remedied,"4/29/2022 11:15:00 AM","5/27/2022 10:50:44 AM",False,0.00,0.00,False,0,False,True,,,0.00,True,1,11384302.4300000,6847488.3400000,-78.8443528,38.4510256,1204,1204,Goldfinch Dr,Harrisonburg,VA,22802,031 G 28,c625bcc9-07a6-4f56-80b0-f251b5917ffc,,,,,,,,False,True,,False,Citizen,P&Z,,,0,0,,
1603,False,231333,Code Incident,Tall Grass and Weeds,True,"4/29/2022 11:17:51 AM",2204C-0023-TGW,Anonymous,1210 Goldfinch Dr,Tall grass,Violations Remedied,"4/29/2022 11:15:00 AM","5/27/2022 10:51:25 AM",False,0.00,0.00,False,0,False,True,,,0.00,True,1,11384354.2200000,6847457.2100000,-78.8441715,38.4509407,1210,1210,Goldfinch Dr,Harrisonburg,VA,22802,031 G 31,248a616e-3cbc-4c4f-8f1a-06dc5dd7edc5,,,,,,,,False,True,,False,Citizen,P&Z,,,0,0,,
1604,False,231777,Code Incident,Tall Grass and Weeds,True,"5/27/2022 10:51:35 AM",2205C-0051-TGW,Anonymous,33 Monument Ave,Tall grass,No Violations Found,"5/27/2022 10:45:00 AM","5/27/2022 10:53:13 AM",False,0.00,0.00,False,0,False,True,,,0.00,True,1,11373291.4800000,6840301.5700000,-78.8826971,38.4311715,33,33,Monument Ave,Harrisonburg,VA,22801,011 B  9,cfa60e30-f678-4c54-b2c3-e2d6ed4df451,,,,,,,,False,True,,False,Citizen,P&Z,,,0,0,,
1605,False,231778,Code Incident,Tall Grass and Weeds,True,"5/27/2022 10:53:22 AM",2205C-0052-TGW,Anonymous,80 Stoneleigh Dr,Tall grass,No Violations Found,"5/27/2022 10:45:00 AM","5/27/2022 10:57:20 AM",False,0.00,0.00,False,0,False,True,,,0.00,True,1,11369019.6000000,6848876.4700000,-78.8977396,38.4546677,80,80,Stoneleigh Dr,Harrisonburg,VA,22801,123 E 13,c4949497-00b9-43ad-a9d3-5f3fcbdf78f6,,,,,,,,False,True,,False,Citizen,P&Z,,,0,0,,
1606,False,230827,Code Incident,"Use: Other",True,"3/28/2022 10:21:04 AM",2203C-0013-USE,Anonymous,843 College Ave,Animal Control Officer stated that there are bees being kept in the front yard. Not allowed since it is an agricultural use.,Violations Remedied,"5/27/2022 3:00:00 PM","5/27/2022 2:46:32 PM",False,0.00,0.00,False,0,False,True,,,0.00,True,1,11372836.9200000,6851274.5500000,-78.8844443,38.4612973,843,843,College Ave,Harrisonburg,VA,22802,125 A 16 17,9e88b92a-a8f7-4750-b211-8a5ec8e18543,,,,,,,,False,True,,False,Animal Control,P&Z,,,0,0,,
1607,False,231213,Code Incident,Signage,True,"4/21/2022 11:08:30 AM",2204C-0013-SIGN,Anonymous,10 Warehouse Rd,During a sign permit review it was noticed that the free standing sign that is located on this property was erected without a permit and is off premises signage since the property is not developed.  ,Violations Remedied,"5/31/2022 12:30:00 PM","5/31/2022 12:24:28 PM",False,0.00,0.00,False,0,False,True,,,0.00,True,1,11364184.9900000,6827645.5800000,-78.9142877,38.3963103,10,10,Warehouse Rd,Harrisonburg,VA,22801,108 C  1,5cd83131-6967-46c0-9b59-f1055fb460b9,,,,,,,,False,True,,False,CE Officer,P&Z,,,0,0,,
1608,False,231770,Code Incident,Tall Grass and Weeds,True,"5/26/2022 1:03:58 PM",2205C-0049-TGW,Anonymous,901 S High St,Tall grass and weeds,Violations Remedied,"5/31/2022 12:30:00 PM","5/31/2022 12:25:08 PM",False,0.00,0.00,False,0,False,True,,,0.00,True,1,11372688.8900000,6843850.3900000,-78.8848526,38.4409094,901,901,S High St,Harrisonburg,VA,22801,023 B 57,931b397e-95fc-4eee-88fa-a41faee41e89,,,,,,,,False,True,,False,Citizen,P&Z,"6/9/2022 1:00:00 PM",,0,1,,
1609,False,231652,Code Incident,"Junk, Trash and Debris",True,"5/18/2022 11:28:52 AM",2205C-0035-JNK,Anonymous,76 E Grattan St,Junk and trash,Violations Remedied,"5/18/2022 11:30:00 AM","5/31/2022 2:17:21 PM",False,0.00,0.00,False,0,False,True,,,0.00,True,1,11376731.1200000,6844487.9500000,-78.8707486,38.4427058,76,76,E Grattan St,Harrisonburg,VA,22801,025 M 28,3ff67d73-3c14-499e-876a-a8f4d0dcbf74,,,,,,,,False,True,,False,Citizen,PW,,,0,0,,
1610,False,231802,Code Incident,"Use: Other",True,"5/31/2022 2:17:50 PM",2205C-0063-USE,Anonymous,1006 Paul St,JMU students and others parking on this lot. ,No Violations Found,"5/31/2022 2:15:00 PM","5/31/2022 2:48:42 PM",False,0.00,0.00,False,0,False,True,,,0.00,True,1,11379271.2700000,6842855.7300000,-78.8618572,38.4382516,1006,1006,Paul St,Harrisonburg,VA,22801,015 C  1,d75688ab-645b-45e5-b681-582becbf695d,,,,,,,,False,True,,False,Citizen,P&Z,,,0,0,,
1611,False,231840,Code Incident,"Junk, Trash and Debris",False,"6/2/2022 4:29:20 PM",2206C-0002-JNK,Anonymous,204 Governors Ln,The dumpster at the end of the road (trash receptacles for the development) are overflowing with trash that is not being removed. Complainant said that is has been this way for over a week. Asked if the manager (Matchbox) could be required to obtain an additional dumpster. Also complained that the trash is attracting rodents and raccoons. ,,"6/2/2022 4:29:20 PM","6/2/2022 4:44:51 PM",False,0.00,0.00,False,0,False,True,,,0.00,True,1,11381229.1300000,6842618.3000000,-78.8550186,38.4376207,204,204,Governors Ln,Harrisonburg,VA,22801,015 A  2,66ff5202-362f-4f9b-aafe-8cc3a40fb8fb,,,,,,,,False,True,,False,Citizen,PW,,,0,0,,
1612,False,231494,Code Incident,Chickens,False,"5/9/2022 2:50:45 PM",2205C-0012-CHK,Ann Reed Held,950 Stuart St,Keeping chickens without a permit. ,Return Receipt Rc'd,"5/24/2022 12:00:00 AM","6/3/2022 8:12:04 AM",False,0.00,0.00,False,0,False,True,,,0.00,True,1,11375808.5100000,6852101.3000000,-78.8740782,38.4636013,950,950,Stuart St,Harrisonburg,VA,22802,039 B 108,959a4756-aec1-4373-b92f-d023be0f66c5,,,,,,,,False,True,,False,Animal Control,P&Z,,,0,0,,
1613,False,231636,Code Incident,Other,True,"5/17/2022 11:44:27 AM",2205C-0031-OTH,Anonymous,922 Carriage Dr,Swimming pool constructed in the front yard.,Violations Remedied,"5/20/2022 12:00:00 PM","6/3/2022 1:06:27 PM",False,0.00,0.00,False,0,False,True,,,0.00,True,1,11370655.4500000,6829980.5000000,-78.8917455,38.4027999,922,922,Carriage Dr,Harrisonburg,VA,22801,099 D 73,1c7332a9-a446-436d-a0b9-41b1d0cdd6fd,,,,,,,,False,True,,False,Citizen,P&Z,,,0,0,,
1614,False,231375,Code Incident,Tall Grass and Weeds,True,"5/3/2022 10:06:05 AM",2205C-0003-TGW,Anonymous,727 N Liberty St,Tall Grass over 12'',Inspection,"6/3/2022 1:15:00 PM","6/3/2022 1:12:42 PM",False,0.00,0.00,False,0,False,True,,,0.00,True,1,11377746.5200000,6850358.4800000,-78.8672853,38.4588371,727,727,N Liberty St,Harrisonburg,VA,22802,040 S  9-A,344791b1-fac6-474e-be50-2f005e737546,,,,,,,,False,True,,False,Citizen,P&Z,,"5/10/2022 12:00:00 AM",0,1,,
1615,False,231853,Code Incident,"Use: Other",False,"6/3/2022 2:12:02 PM",2206C-0005-USE,Anonymous,941 Bobwhite Pl,Complaint that property is being used for firewood production. ,,"6/3/2022 2:12:02 PM","6/3/2022 2:33:18 PM",False,0.00,0.00,False,0,False,True,,,0.00,True,1,11382803.9600000,6846406.5400000,-78.8495709,38.4480395,941,941,Bobwhite Pl,Harrisonburg,VA,22802,028 Q  7,d1bffa0a-9578-413e-a4bc-5caca4990c8c,,,,,,,,False,True,,False,Citizen,P&Z,,,0,0,,
1616,False,231855,Code Incident,"Use: Other",True,"6/3/2022 2:49:29 PM",2206C-0007-USE,Anonymous,714 Chicago Ave,Outdoor auto repair,No Violations Found,"6/3/2022 2:45:00 PM","6/3/2022 3:28:39 PM",False,0.00,0.00,False,0,False,True,,,0.00,True,1,11375908.6600000,6850250.7000000,-78.8737021,38.4585208,714,714,Chicago Ave,Harrisonburg,VA,22802,039 RR 8 9,bd867e79-2c50-4390-b470-309e3bb8dbd1,,,,,,,,False,True,,False,Citizen,P&Z,,,0,0,,
1617,False,230683,Code Incident,"Junk, Trash and Debris",True,"3/21/2022 2:33:17 PM",2203C-0011-JNK,,507 W Market St,Accumulation of junk.,Violations Remedied,"4/22/2022 4:16:00 PM","6/3/2022 3:40:47 PM",False,0.00,0.00,False,0,False,True,,,0.00,True,1,11374730.1200000,6847393.3700000,-78.8777768,38.4506615,507,507,W Market St,Harrisonburg,VA,22801,036 Q  4,56e9df9b-63de-43c9-b3b4-b3532924b32d,,,,,,,,False,True,,False,Public Works,P&Z,,"3/31/2022 12:00:00 AM",1,1,,
1618,False,231801,Code Incident,Tall Grass and Weeds,True,"5/31/2022 12:05:24 PM",2205C-0062-TGW,Anonymous,915 Circle Dr,Tall Grass and Weeds in the front yard.,No Violations Found,"5/31/2022 12:15:00 PM","6/3/2022 4:13:36 PM",False,0.00,0.00,False,0,False,True,,,0.00,True,1,11370720.9300000,6846014.9000000,-78.8917558,38.4468301,915,915,Circle Dr,Harrisonburg,VA,22801,022 A 25,8d6249d3-ca49-49e4-aa40-8c84ff3df592,,,,,,,,False,True,,False,Citizen,P&Z,,,0,0,,
1619,False,231798,Code Incident,Tall Grass and Weeds,True,"5/31/2022 10:19:39 AM",2205C-0060-TGW,,526 Collicello St,Neighbor complaining about out of control bamboo that is spreading over onto their property. Says the bamboo is even growing over into the back alley way as well.,No Violations Found,"5/31/2022 4:30:00 PM","6/3/2022 4:17:34 PM",False,0.00,0.00,False,0,False,True,,,0.00,True,1,11377009.9800000,6849203.5800000,-78.8698413,38.4556577,526,526,Collicello St,Harrisonburg,VA,22802,034 A  6,bac5af75-fdee-4fa9-a9a8-10d424001353,,,,,,,,False,True,,False,CE Officer,P&Z,,,0,0,,
1620,False,231318,Code Incident,Tall Grass and Weeds,True,"4/28/2022 5:05:01 PM",2204C-0022-TGW,Anonymous,847 Stuart St,Complaint about TG&W in the front yard. Pasted to us from Real Estate Office.,Violations Remedied,"6/3/2022 4:30:00 PM","6/3/2022 4:23:15 PM",False,0.00,0.00,False,0,False,True,,,0.00,True,1,11376217.8900000,6851255.7100000,-78.8726364,38.4612839,847,847,Stuart St,Harrisonburg,VA,22802,039 H 28,5898c62d-f090-4ebe-98f8-02e8fc2b7017,,,,,,,,False,True,,False,Citizen,P&Z,,"5/13/2022 5:30:00 PM",0,1,,
1621,False,231774,Code Incident,Tall Grass and Weeds,True,"5/26/2022 4:39:44 PM",2205C-0050-TGW,Anonymous,654 Chicago Ave,Tall grass and weeds in the rear yard,Inspection,"6/6/2022 9:15:00 AM","6/6/2022 9:34:27 AM",False,0.00,0.00,False,0,False,True,,,0.00,True,1,11375999.9500000,6850080.5300000,-78.8733809,38.4580545,654,654,Chicago Ave,Harrisonburg,VA,22802,039 X  6 7,b1945bdc-1133-48fc-9b24-bfe5faad6e77,,,,,,,,False,True,,False,Citizen,P&Z,"6/9/2022 4:30:00 PM",,0,1,,
1622,False,231847,Code Incident,Tall Grass and Weeds,True,"6/3/2022 8:59:24 AM",2206C-0004-TGW,Anonymous,173 Logan Ln,Tall grass and weeds in the front yard.,No Violations Found,"6/7/2022 5:00:00 PM","6/7/2022 4:55:17 PM",False,0.00,0.00,False,0,False,True,,,0.00,True,1,11373011.0200000,6843404.0500000,-78.8837214,38.4396875,173,173,Logan Ln,Harrisonburg,VA,22801,018 AA32,587df596-79ad-47c3-83b5-fc8e7396297c,,,,,,,,False,True,,False,Citizen,P&Z,,,0,0,,
1623,False,231759,Code Incident,Inoperable Vehicle,True,"5/25/2022 3:43:54 PM",2205C-0048-INOP,Anonymous,80 Laurel St,Vehicle without tags in the driveway,No Violations Found,"6/1/2022 4:00:00 PM","6/7/2022 4:58:31 PM",False,0.00,0.00,False,0,False,True,,,0.00,True,1,11371332.0200000,6841139.0600000,-78.8895498,38.4334485,80,80,Laurel St,Harrisonburg,VA,22801,010 E 36,087484b3-445f-4bbe-896d-563800e1c453,,,,,,,,False,True,,False,Citizen,P&Z,,,0,0,,
1624,False,231937,Code Incident,"Use: Occupancy",False,"6/9/2022 11:53:32 AM",2206C-0011-OCC,Anonymous,548 E Market St,Potential overoccupancy. The property was previously determined to be nonconforming having 4 apartment units and 11 individuals residing there. ,,"6/9/2022 11:53:32 AM","6/9/2022 11:55:50 AM",False,0.00,0.00,False,0,False,True,,,0.00,True,1,11379995.5900000,6846757.1900000,-78.8593818,38.4489726,548,548,E Market St,Harrisonburg,VA,22801,027 B  4,0e098fd1-3a96-4ac4-9795-7087b9738a7a,,,,,,,,False,True,,False,Citizen,P&Z,,,0,0,,
1625,False,231454,Code Incident,"Junk, Trash and Debris",False,"5/6/2022 6:52:17 PM",2205C-0008-JNK,Anonymous,206 Campbell St,"Tall grass, weeds, trash and junk",Junk and Debris,"6/3/2022 4:45:12 PM","6/10/2022 12:14:52 PM",False,0.00,0.00,False,0,False,True,,,0.00,True,1,11377686.4800000,6845508.4900000,-78.8674272,38.4455187,206,206,Campbell St,Harrisonburg,VA,22801,026 N  1,f15a1215-df53-41bc-9f92-9d82c7fdebac,,,,,,,,False,True,,False,Citizen,PW,,"5/12/2022 12:00:00 AM",0,1,,
1626,False,231659,Code Incident,Tall Grass and Weeds,True,"5/18/2022 12:48:50 PM",2205C-0039-TGW,Tyler Blanks,723 N Liberty St,TGW in the front and side yard.,Violations Remedied,"6/10/2022 12:30:00 PM","6/10/2022 12:16:20 PM",False,0.00,0.00,False,0,False,True,,,0.00,True,1,11377740.9100000,6850299.6100000,-78.8673041,38.4586754,723,723,N Liberty St,Harrisonburg,VA,22802,040 S  9,74a9ff61-8b9e-495b-bd90-b5e15c41fecb,,,,,,,,False,True,,False,CE Officer,P&Z,,"6/1/2022 12:45:00 PM",0,1,,
1627,False,219352,Code Incident,Working Without a Permit,True,"7/27/2020 2:09:12 PM",2007C-0023-NP,,1200 Virginia Ave Lot 23,,Case Dismissed,"4/21/2022 12:00:00 PM","6/13/2022 9:37:32 AM",False,0.00,0.00,False,0,False,True,,,0.00,True,1,11376570.9200000,6854546.3000000,-78.8714500,38.4703235,1200,1200,Virginia Ave,Harrisonburg,VA,22802,047 O 62,6b9da0bb-eb2e-4478-b0d7-48e54da5c825,,,,,,,,False,True,,False,CE Officer,BLD,,,0,0,"6/6/2022 12:00:00 AM",
1628,False,219421,Code Incident,"Use: Other",False,"7/31/2020 1:55:40 PM",2007C-0026-USE,,1200 Virginia Ave Lot 23,Illegal structure size expansion,Correction Notice,"7/31/2020 1:57:35 PM","6/13/2022 2:34:32 PM",False,0.00,0.00,False,0,False,True,,,0.00,True,1,11376570.9200000,6854546.3000000,-78.8714500,38.4703235,1200,1200,Virginia Ave,Harrisonburg,VA,22802,047 O 62,0fa8d990-88c0-4e03-af64-e5011488e608,,,,,,,,False,True,,False,Citizen,P&Z,,,0,0,,
1629,False,231984,Code Incident,Tall Grass and Weeds,False,"6/13/2022 4:00:13 PM",2206C-0014-TGW,Anonymous,711 Foley Rd,Tall grass and weeds.,Tall Weeds and Grass Notice,"6/13/2022 4:01:17 PM","6/13/2022 4:08:25 PM",False,0.00,0.00,False,0,False,True,,,0.00,True,1,11381279.1100000,6836837.2400000,-78.8547661,38.4217467,711,711,Foley Rd,Harrisonburg,VA,22801,084 A  2,a64142cd-84b5-4dc3-82ca-deb5c082d7fc,,,,,,,,False,True,,False,Citizen,P&Z,,"6/18/2022 12:00:00 AM",1,1,,
1630,False,231985,Code Incident,Inoperable Vehicle,False,"6/13/2022 4:07:37 PM",2206C-0015-INOP,Anonymous,711 Foley Rd,Car without license plates in driveway.,Inoperable Vehicle Notice,"6/13/2022 4:09:04 PM","6/13/2022 4:25:42 PM",False,0.00,0.00,False,0,False,True,,,0.00,True,1,11381279.1100000,6836837.2400000,-78.8547661,38.4217467,711,711,Foley Rd,Harrisonburg,VA,22801,084 A  2,7e0b859b-d2da-43f6-ac76-686a2b16e459,,,,,,,,False,True,,False,Citizen,P&Z,,,0,0,,
1631,False,231614,Code Incident,Property Maintenance,False,"5/16/2022 3:45:38 PM",2205C-0028-PM,,581 Norwood St,Sewage leaking and running out from crawl space door. See pic in documents,Inspection,"5/17/2022 2:00:00 PM","6/13/2022 5:21:01 PM",False,0.00,0.00,False,0,False,True,,,0.00,True,1,11380849.0800000,6845211.5700000,-78.8563806,38.4447376,581,581,Norwood St,Harrisonburg,VA,22801,027 S 59,556bfc9b-a9f9-4aff-9b59-18bb03cc218c,,,,,,,,False,True,,False,Building Inspection,BLD,,"6/16/2022 2:00:00 PM",1,1,,
1632,False,231999,Code Incident,"Junk, Trash and Debris",True,"6/15/2022 9:18:48 AM",2206C-0016-JNK,,165 N High St,couch on porch,Verbal Notice,"6/15/2022 9:32:22 AM","6/15/2022 9:33:08 AM",False,0.00,0.00,False,0,False,True,,,0.00,True,1,11376281.3500000,6847833.6600000,-78.8723663,38.4518879,165,165,N High St,Harrisonburg,VA,22802,035 R 18,8a9a22c0-bff2-48cf-a310-fb71ea40d0a1,,,,,,,,False,True,,False,Public Works,PW,,,0,0,,
1633,False,232005,Code Incident,"Junk, Trash and Debris",False,"6/15/2022 9:36:55 AM",2206C-0018-JNK,,316 N High St,indoor furniture on porch,Verbal Notice,"6/15/2022 9:42:05 AM","6/15/2022 9:43:25 AM",False,0.00,0.00,False,0,False,True,,,0.00,True,1,11376561.7600000,6848320.5700000,-78.8713940,38.4532280,316,316,N High St,Harrisonburg,VA,22802,035 K 11,644550e5-034c-4ece-90d4-6745926a3845,,,,,,,,False,True,,False,Public Works,PW,,,0,0,,
1634,False,232006,Code Incident,"Junk, Trash and Debris",True,"6/15/2022 9:46:20 AM",2206C-0019-JNK,,230 Ohio Ave,kjgkldf,No Violations Found,"6/15/2022 9:45:00 AM","6/15/2022 9:50:48 AM",False,0.00,0.00,False,0,False,True,,,0.00,True,1,11373781.5500000,6844791.9500000,-78.8810514,38.4435074,230,230,Ohio Ave,Harrisonburg,VA,22801,024 K 10,11b32ee3-b20f-49fa-87ac-621f9e00ab30,,,,,,,,False,True,,False,Public Works,PW,,,0,0,,
1635,False,231779,Code Incident,Tall Grass and Weeds,True,"5/27/2022 11:28:31 AM",2205C-0053-TGW,Anonymous,680 S Mason St,Tall grass,Violations Remedied,"6/15/2022 12:30:00 AM","6/15/2022 11:48:52 AM",False,0.00,0.00,False,0,False,True,,,0.00,True,1,11376807.4600000,6843993.2000000,-78.8704751,38.4413481,680,680,S Mason St,Harrisonburg,VA,22801,016 D  3,fd6a5f86-4425-4c69-964c-0811aa04f1aa,,,,,,,,False,True,,False,Citizen,P&Z,,"6/10/2022 12:00:00 AM",1,1,,
1636,False,231902,Code Incident,Tall Grass and Weeds,True,"6/8/2022 8:56:31 AM",2206C-0009-TGW,Anonymous,98 Kenmore St,Tall Grass and Weeds on the Property,Violations Remedied,"6/20/2022 9:58:00 AM","6/15/2022 12:49:32 PM",False,0.00,0.00,False,0,False,True,,,0.00,True,1,11380324.8100000,6844910.7400000,-78.8582071,38.4439059,98,98,Kenmore St,Harrisonburg,VA,22801,027 M  5,81ddfc6f-ade6-4ab6-b947-9f73e46fbf11,,,,,,,,False,True,,False,Citizen,P&Z,,"6/13/2022 8:45:00 AM",0,1,,
1637,False,231919,Code Incident,Tall Grass and Weeds,True,"6/8/2022 3:58:58 PM",2206C-0010-TGW,Anonymous,206 Campbell St,TGW in the front and rear yard,Violations Remedied,"6/16/2022 1:00:00 PM","6/15/2022 12:49:49 PM",False,0.00,0.00,False,0,False,True,,,0.00,True,1,11377680.3300000,6845435.7600000,-78.8674477,38.4453189,206,206,Campbell St,Harrisonburg,VA,22801,026 N  1,03cca8e3-0c55-4da7-a952-d70f5504f960,,,,,,,,False,True,,False,Citizen,P&Z,,,0,0,,
1638,False,231804,Code Incident,"Use: Other",True,"5/31/2022 3:40:00 PM",2205C-0064-USE,Anonymous,341 Mt Clinton Pike,Storage of tractor trailers without having a permanent building facility. ,,"5/31/2022 3:40:00 PM","6/15/2022 1:17:16 PM",False,0.00,0.00,False,0,False,True,,,0.00,True,1,11378796.4100000,6853323.3600000,-78.8636599,38.4669899,341,341,Mt Clinton Pike,Harrisonburg,VA,22802,046 B  4,e4f6cad4-4ea2-47b6-b453-6a7412747dda,,,,,,,,False,True,,False,Citizen,P&Z,,,0,0,,
1639,False,231667,Code Incident,"Junk, Trash and Debris",True,"5/19/2022 9:18:08 AM",2205C-0041-JNK,Anonymous,147 Campbell St,Trash and indoor funiture,Violations Remedied,"6/8/2022 12:30:00 AM","6/16/2022 1:31:13 PM",False,0.00,0.00,False,0,False,True,,,0.00,True,1,11377517.2200000,6845326.5700000,-78.8680157,38.4450173,147,147,Campbell St,Harrisonburg,VA,22801,026 O  8,6c6dd73d-1229-4293-95ad-e5ab022ac37e,,,,,,,,False,True,,False,Citizen,PW,,,0,0,,
1640,False,231678,Code Incident,"Junk, Trash and Debris",True,"5/19/2022 1:51:14 PM",2205C-0042-JNK,Anonymous,560 Norwood St,Junk and trash next to dumpster.,Violations Remedied,"6/6/2022 12:30:00 AM","6/16/2022 3:30:05 PM",False,0.00,0.00,False,0,False,True,,,0.00,True,1,11380610.5300000,6845317.3100000,-78.8572150,38.4450254,560,560,Norwood St,Harrisonburg,VA,22801,027 S 30-34,d90673df-cd74-4501-a739-af0265fc7071,,,,,,,,False,True,,False,Citizen,PW,,,0,0,,
1641,False,228012,Code Incident,"Junk, Trash and Debris",True,"9/21/2021 11:39:37 AM",2109C-0019-JNK,,205 Newman Ave,Indoor furniture and junk on property. ,Violations Remedied,"1/7/2022 11:59:10 AM","6/16/2022 3:31:14 PM",False,0.00,0.00,False,0,False,True,,,0.00,True,1,11377866.0600000,6846197.8200000,-78.8668098,38.4474135,205,205,Newman Ave,Harrisonburg,VA,22801,026 F  1,b4ea58fb-aed1-4219-8d31-449df4cbcc49,,,,,,,,False,True,,False,Public Works,P&Z,,"10/5/2021 12:00:00 AM",1,1,,
1642,False,231683,Code Incident,Property Maintenance,True,"5/19/2022 4:07:18 PM",2205C-0043-PM,,371 W Water St -Apt B,"Reported from Zoning Dept. that structure has ""broken windows and roof caving in"".  ",No Violations Found,"6/21/2022 9:00:00 AM","6/17/2022 9:04:50 AM",False,0.00,0.00,False,0,False,True,,,0.00,True,1,-8780360.8300000,4643082.8600000,-135.2486980,15.2146837,371,371,W Water St,Harrisonburg,VA,22801,025 A 18,1522bacd-33d2-4860-8543-1c81a158b281,,,,,,,,False,True,,False,CE Officer,BLD,"6/20/2022 12:00:00 AM",,2,2,,
1643,False,228612,Code Incident,"Junk, Trash and Debris",True,"10/20/2021 9:03:51 AM",2110C-0014-JNK,,237 W Market St,Trash in side and back yard.,Violations Remedied,"12/6/2021 12:30:00 AM","6/17/2022 11:34:40 AM",False,0.00,0.00,False,0,False,True,,,0.00,True,1,11376075.5300000,6847126.1300000,-78.8730750,38.4499428,237,237,W Market St,Harrisonburg,VA,22801,035 W  5,94b8b588-cb69-48ae-bed4-80e3816e8676,,,,,,,,False,True,,False,Public Works,P&Z,,"11/3/2021 12:00:00 AM",1,1,,
1644,False,228611,Code Incident,"Junk, Trash and Debris",True,"10/20/2021 8:30:49 AM",2110C-0013-JNK,,253 W Market St,Trash and junk in rear yard.,Violations Remedied,"12/8/2021 12:30:00 AM","6/17/2022 11:35:03 AM",False,0.00,0.00,False,0,False,True,,,0.00,True,1,11376009.8000000,6847136.3400000,-78.8733047,38.4499701,253,253,W Market St,Harrisonburg,VA,22801,035 W  6,09114516-0bcf-419e-828b-aef56b068e07,,,,,,,,False,True,,False,Public Works,P&Z,,"11/3/2021 12:00:00 AM",1,1,,
1645,False,231805,Code Incident,Tall Grass and Weeds,True,"5/31/2022 3:44:35 PM",2205C-0065-TGW,Anonymous,411 Collicello St,Tall grass and weeds,Violations Remedied,"5/31/2022 3:45:00 PM","6/17/2022 11:35:40 AM",False,0.00,0.00,False,0,False,True,,,0.00,True,1,11376803.7200000,6848690.9300000,-78.8705543,38.4542477,411,411,Collicello St,Harrisonburg,VA,22802,035 G  3,20fdfe65-fe11-43c9-b01a-1847e50b18dd,,,,,,,,False,True,,False,Citizen,P&Z,,,0,0,,
1646,False,231854,Code Incident,Tall Grass and Weeds,True,"6/3/2022 2:43:42 PM",2206C-0006-TGW,Anonymous,851 College Ave,Tall grass and weeds,No Violations Found,"6/27/2022 2:43:00 PM","6/17/2022 1:05:52 PM",False,0.00,0.00,False,0,False,True,,,0.00,True,1,11372999.8800000,6851470.4600000,-78.8838781,38.4618372,851,851,College Ave,Harrisonburg,VA,22802,125 A 20,70532542-9dac-48ff-81eb-8ac289169d74,,,,,,,,False,True,,False,Citizen,P&Z,,"6/8/2022 12:00:00 AM",1,1,,
1647,False,227527,Code Incident,"Use: Occupancy",True,"8/9/2021 2:03:32 PM",2108C-0010-OCC,Don W Klotz,281 W View St,Complaint received that people are living in a detached garage. ,Violations Remedied,"9/21/2021 12:30:00 AM","6/17/2022 1:08:15 PM",False,0.00,0.00,False,0,False,True,,,0.00,True,1,11377533.9100000,6844059.2900000,-78.8679397,38.4415376,281,281,W View St,Harrisonburg,VA,22801,026 T 14,fdf85859-75a8-4eaf-b09b-8b9028aacdd0,,,,,,,,False,True,,False,Police,P&Z,,,0,0,,
1648,False,232041,Code Incident,Working Without a Permit,False,"6/17/2022 3:04:25 PM",2206C-0024-NP,,400 Franklin St,,Verbal Notice,"6/17/2022 4:12:48 PM","6/17/2022 4:13:14 PM",False,0.00,0.00,False,0,False,True,,,0.00,True,1,11379542.1200000,6845556.0800000,-78.8609487,38.4456696,400,400,Franklin St,Harrisonburg,VA,22801,027 P  8,e36eaf4f-a559-47cb-9aed-7ab0fdaaaeb2,,,,,,,,False,True,,False,CE Officer,BLD,,"7/17/2022 12:00:00 AM",1,1,,
1649,False,232062,Code Incident,Tall Grass and Weeds,True,"6/21/2022 1:42:50 PM",2206C-0026-TGW,Anonymous,301 Pointe Dr,Tall grass and weeds.,No Violations Found,"6/21/2022 1:30:00 PM","6/21/2022 3:02:56 PM",False,0.00,0.00,False,0,False,True,,,0.00,True,1,11367884.7900000,6834769.6700000,-78.9014869,38.4159178,301,301,Pointe Dr,Harrisonburg,VA,22801,001 D  8,10dfbb0b-7522-4e24-85f5-17500af318fb,,,,,,,,False,True,,False,Citizen,P&Z,,,0,0,,
1650,False,232004,Code Incident,"Junk, Trash and Debris",True,"6/15/2022 9:26:16 AM",2206C-0017-JNK,,240 N High St,indoor furniture on porch,No Further Action Necessary,"5/25/2022 9:15:00 AM","6/22/2022 2:58:07 PM",False,0.00,0.00,False,0,False,True,,,0.00,True,1,11376486.9300000,6848051.9900000,-78.8716516,38.4524897,240,240,N High St,Harrisonburg,VA,22802,035 O 12,a368f6fe-db32-4531-a085-b25b459889d1,,,,,,,,False,True,,False,Public Works,PW,,,0,0,,
1651,False,231813,Code Incident,Property Maintenance,False,"6/1/2022 1:54:54 PM",2206C-0001-PM,Kayla Jackson,176 Chestnut Ridge Dr Apt E,Shower leaking in one bathroom. Toilet and sink leaking in second bathroom. Tenent says they have notified the landlord and are not getting any response. Call before 3p.m. (that is when tenant goes to work).,Inspection,"6/1/2022 10:00:00 AM","6/22/2022 3:53:27 PM",False,0.00,0.00,False,0,False,True,,,0.00,True,1,11384771.4200000,6835417.3700000,-78.8425578,38.4178842,176,176,Chestnut Ridge Dr,Harrisonburg,VA,22801,076 A  2,d1f87fda-aa8b-43c8-90fc-ab77053f9d46,,,,,,,,False,True,,False,Building Inspection,BLD,,"6/10/2022 12:00:00 AM",2,2,,
1652,False,232070,Code Incident,Spot Inspection,True,"6/22/2022 8:54:34 AM",2206C-0027-SPT,,821 Spotswood Dr,HPD requesting assistance to examine a replaced roof on a residence.,No Violations Found,"6/22/2022 10:00:00 AM","6/22/2022 4:39:44 PM",False,0.00,0.00,False,0,False,True,,,0.00,True,1,11381794.7500000,6845038.7500000,-78.8530764,38.4442731,821,821,Spotswood Dr,Harrisonburg,VA,22802,028 D  9 10,f052e4cf-132d-45e6-8e1c-d69f8ca29d7e,,,,,,,,False,True,,False,Citizen,BLD,,,0,0,,
1653,False,231619,Code Incident,Property Maintenance,False,"5/17/2022 8:17:05 AM",2205C-0029-PM,,671 N Liberty St,Report of sewer line break leaking onto ground ,Verbal Notice,"6/23/2022 2:44:44 PM","6/23/2022 2:47:57 PM",False,0.00,0.00,False,0,False,True,,,0.00,True,1,11377671.0400000,6849896.9600000,-78.8675425,38.4575689,671,671,N Liberty St,Harrisonburg,VA,22802,040 S  1,4fe6f972-5a14-4eff-a7ca-ebda7606fcb9,,,,,,,,False,True,,False,CE Officer,BLD,,"6/30/2022 12:00:00 AM",1,1,,
1654,False,226728,Code Incident,Working Without a Permit,True,"6/30/2021 3:36:24 PM",2106C-0047-NP,,760 Chestnut Dr,Pool installed without permit,,"6/30/2021 3:36:24 PM","6/23/2022 2:59:31 PM",False,0.00,0.00,False,0,False,True,,,0.00,True,1,11373030.2600000,6844817.8000000,-78.8836749,38.4435698,760,760,Chestnut Dr,Harrisonburg,VA,22801,024 F  9,ea467492-c1dd-4205-a536-90569211bf4e,,,,,,,,False,True,,False,Citizen,BLD,,"8/2/2021 12:00:00 AM",0,1,,
1655,False,231725,Code Incident,Working Without a Permit,True,"5/24/2022 8:39:08 AM",2205C-0045-NP,,150 Brookside Pl,Neighbor reports that a pool is being constructed in the front yard of his neighbors.,No Violations Found,"6/23/2022 4:30:00 PM","6/23/2022 4:17:33 PM",False,0.00,0.00,False,0,False,True,,,0.00,True,1,11370125.0300000,6849301.8400000,-78.8938857,38.4558489,150,150,Brookside Pl,Harrisonburg,VA,22802,124 J  6,799e4e24-5162-42e8-890f-2f179d2f2041,,,,,,,,False,True,,False,Citizen,BLD,,"6/23/2022 12:00:00 AM",1,1,,
1656,False,226721,Code Incident,Property Maintenance,True,"6/30/2021 8:17:54 AM",2106C-0046-UNF,,337 Old South High St,Complaint made that property is in disrepair. Broken windows replaced with sheets to cover the opening. There is obvious a rat and cock roach infestation on the property as well. Please coordinate your inspection with Christopher Perez-Leon as he was the one who received the zoning property complaint.,No Violations Found,"6/30/2021 11:30:00 AM","6/23/2022 4:25:22 PM",False,0.00,0.00,False,0,False,True,,,0.00,True,1,11375173.3400000,6845370.5000000,-78.8762831,38.4449958,337,337,Old South High St,Harrisonburg,VA,22801,025 G  3,75523763-ba56-47ff-a955-0fbeab469326,,,,,,,,False,True,,False,Citizen,BLD,,"8/2/2021 12:00:00 AM",1,1,,
1657,False,232054,Code Incident,Property Maintenance,False,"6/21/2022 8:51:04 AM",2206C-0025-PM,,640 Blue Ridge Dr,Dilapidated buildings located on lot directly behind (northwest) of address on GIS parcel # 0280 22,Correction Notice,"6/23/2022 1:52:32 PM","6/23/2022 4:46:37 PM",False,0.00,0.00,False,0,False,True,,,0.00,True,1,11382755.1600000,6845207.2500000,-78.8497253,38.4447458,640,640,Blue Ridge Dr,Harrisonburg,VA,22802,028 I  7,ef9d4860-a68a-4a91-960b-7301aa4382f1,,,,,,,,False,True,,False,Citizen,BLD,"7/23/2022 12:00:00 AM",,2,2,,
1658,False,231072,Code Incident,Property Maintenance,True,"4/11/2022 4:29:09 PM",2204C-0006-PM,,673 Walnut Ln ,Vehicle struck stairs to upstairs apartment damaging them,Violations Remedied,"6/23/2022 4:30:00 PM","6/24/2022 8:39:03 AM",False,0.00,0.00,False,0,False,True,,,0.00,True,1,11375808.0500000,6844874.8600000,-78.8739770,38.4437579,673,673,Walnut Ln,Harrisonburg,VA,22801,025 K 14,c5f73298-8439-470b-8972-2c30f283bdf2,,,,,,,,False,True,,False,Fire,BLD,,"5/11/2022 12:00:00 AM",0,1,,
1659,False,231366,Code Incident,"Use: Other",False,"5/2/2022 12:25:05 PM",2205C-0002-USE,Anonymous,1180 Virginia Ave,We have gathered enough information to suspect that the property has lost its non-conforming status to be a dwelling. Was an office use mixed with a residential use that is now a duplex (top/bottom),Return Receipt Rc'd,"6/25/2022 9:06:14 AM","6/25/2022 9:07:06 AM",False,0.00,0.00,False,0,False,True,,,0.00,True,1,11376616.4200000,6854249.8600000,-78.8712869,38.4695101,1180,1180,Virginia Ave,Harrisonburg,VA,22802,047 O 65,79afcc3b-d9c6-4ff7-aa64-e2e0e19eabc6,,,,,,,,False,True,,False,CE Officer,P&Z,,,0,0,,
1660,False,231856,Code Incident,Tall Grass and Weeds,True,"6/3/2022 3:40:10 PM",2206C-0008-TGW,Anonymous,105 N Willow St,Tall grass and weeds. ,Violations Remedied,"6/27/2022 3:44:00 PM","6/27/2022 10:59:29 AM",False,0.00,0.00,False,0,False,True,,,0.00,True,1,11375027.2200000,6848188.0900000,-78.8767507,38.4528471,105,105,N Willow St,Harrisonburg,VA,22802,036 L  1,8901cae4-d599-4dd3-bae7-1fa0b6fa1053,,,,,,,,False,True,,False,Citizen,P&Z,,,0,0,,
1661,False,232151,Code Incident,Property Maintenance,False,"6/27/2022 3:01:57 PM",2206C-0032-PM,,498 University Blvd Ste I,Complaint that chemical smells from the nail saloon are being detected in neighboring suites.,Inspection,"6/27/2022 10:00:00 AM","6/27/2022 3:17:12 PM",False,0.00,0.00,False,0,False,True,,,0.00,True,1,11381281.8000000,6839374.4900000,-78.8547910,38.4287139,498,498,University Blvd,Harrisonburg,VA,22801,079 C  3,995572a6-e318-4929-a939-1a1fb72b9871,,,,,,,,False,True,,False,Citizen,BLD,,,0,0,,
1662,False,232019,Code Incident,Tall Grass and Weeds,True,"6/15/2022 2:41:59 PM",2206C-0022-TGW,Anonymous,2310 Ridgeville Ln,TG&W,Violations Remedied,"6/22/2022 12:52:00 PM","6/28/2022 11:05:41 AM",False,0.00,0.00,False,0,False,True,,,0.00,True,1,11380928.2500000,6836356.7700000,-78.8559843,38.4204236,2310,2310,Ridgeville Ln,Harrisonburg,VA,22801,084 P  1,91f14100-288e-490a-b83c-31373c79e40a,,,,,,,,False,True,,False,Citizen,P&Z,,"6/20/2022 2:30:00 PM",0,1,,
1663,False,231807,Code Incident,Tall Grass and Weeds,True,"5/31/2022 4:30:36 PM",2205C-0066-TGW,Anonymous,2585 Evelyn Byrd Ave,Tall grass and weeds,Inspection,"6/28/2022 11:15:00 AM","6/28/2022 11:07:07 AM",False,0.00,0.00,False,0,False,True,,,0.00,True,1,11384599.1600000,6837301.8000000,-78.8431837,38.4230570,2585,2585,Evelyn Byrd Ave,Harrisonburg,VA,22801,077 O  3,6446771e-3a77-44c7-a4be-3bcccee26ea0,,,,,,,,False,True,,False,Citizen,P&Z,,"6/5/2022 4:45:00 PM",0,1,,
1664,False,231789,Code Incident,Tall Grass and Weeds,True,"5/27/2022 2:49:18 PM",2205C-0058-TGW,Anonymous,141 Emerald Dr,Tall grass and weeds,Violations Remedied,"6/13/2022 5:38:00 PM","6/28/2022 11:08:06 AM",False,0.00,0.00,False,0,False,True,,,0.00,True,1,11384675.7000000,6837220.4000000,-78.8429154,38.4228343,141,141,Emerald Dr,Harrisonburg,VA,22801,077 J  2,b668e608-157c-4f8f-b055-2c7d95e8782d,,,,,,,,False,True,,False,Citizen,P&Z,,"6/5/2022 3:00:00 PM",1,1,,
1665,False,232157,Code Incident,Setback,False,"6/28/2022 10:58:29 AM",2206C-0033-NU,Ann Reed Held,672 E Market St,Accessory structure too close to property line.,,"6/28/2022 10:58:29 AM","6/28/2022 11:08:08 AM",False,0.00,0.00,False,0,False,True,,,0.00,True,1,11380812.6200000,6846882.8600000,-78.8565306,38.4493264,672,672,E Market St,Harrisonburg,VA,22801,033 V 11,27df100a-ee6a-47df-aa38-38863042a4d4,,,,,,,,False,True,,False,Animal Control,P&Z,,,0,0,,
1666,False,231523,Code Incident,Inoperable Vehicle,True,"5/10/2022 5:16:59 PM",2205C-0018-INOP,Anonymous,1205 Windsor Rd,inoperable vehicle in the front yard ,Violations Remedied,"6/24/2022 2:45:00 PM","6/28/2022 11:08:35 AM",False,0.00,0.00,False,0,False,True,,,0.00,True,1,11379200.1800000,6836146.5000000,-78.8620131,38.4198277,1205,1205,Windsor Rd,Harrisonburg,VA,22801,084 D 20,40e0b4e5-2c36-48bc-b3dd-861b25d7615c,,,,,,,,False,True,,False,Citizen,P&Z,,,0,0,,
1667,False,231365,Code Incident,"Junk, Trash and Debris",True,"5/2/2022 11:58:53 AM",2205C-0001-JNK,Anonymous,80 Emery St,Junk in front yard,Violations Remedied,"5/19/2022 12:30:00 AM","6/28/2022 11:08:45 AM",False,0.00,0.00,False,0,False,True,,,0.00,True,1,11370936.8700000,6840529.9900000,-78.8909202,38.4317715,80,80,Emery St,Harrisonburg,VA,22801,009 C  9,dada1abf-5987-4dc5-971d-57d5f03df8a4,,,,,,,,False,True,,False,Citizen,P&Z,,,0,0,,
1668,False,231522,Code Incident,Tall Grass and Weeds,True,"5/10/2022 5:15:12 PM",2205C-0017-TGW,Anonymous,1205 Windsor Rd,TGW,Violations Remedied,"6/27/2022 12:21:00 PM","6/28/2022 11:08:50 AM",False,0.00,0.00,False,0,False,True,,,0.00,True,1,11379183.0900000,6836098.3500000,-78.8620721,38.4196953,1205,1205,Windsor Rd,Harrisonburg,VA,22801,084 D 20,dd44b64b-d846-4bfd-a9c1-f1e5fac4c3b6,,,,,,,,False,True,,False,Citizen,P&Z,,"6/9/2022 2:46:00 PM",0,1,,
1669,False,232158,Code Incident,"Use: Occupancy",True,"6/28/2022 11:09:13 AM",2206C-0034-OCC,Anonymous,901 Chestnut Dr,"Complaint of over-occupancy for apartment complex. Too many people parking on the street. The apartments are nonconforming to the regulations of the R-1 district, as the struture was built in 1958.",No Violations Found,"6/28/2022 11:00:00 AM","6/28/2022 11:22:33 AM",False,0.00,0.00,False,0,False,True,,,0.00,True,1,11372298.0600000,6844533.2700000,-78.8862272,38.4427800,901,901,Chestnut Dr,Harrisonburg,VA,22801,023 D 72 73 74,f8d40b8e-8e96-4589-bd68-bf1cd6759e4c,,,,,,,,False,True,,False,Citizen,P&Z,,,0,0,,
1670,False,232160,Code Incident,"Use: Other",True,"6/28/2022 11:24:12 AM",2206C-0035-USE,Anonymous,210 Sunrise Ave,Operating a home occupation without a permit and employees coming to the home to pick up work vehicles. ,No Violations Found,"6/28/2022 11:15:00 AM","6/28/2022 11:27:53 AM",False,0.00,0.00,False,0,False,True,,,0.00,True,1,11372741.1100000,6844020.6100000,-78.8846728,38.4413774,210,210,Sunrise Ave,Harrisonburg,VA,22801,023 A 22 23 24,8ff5ee66-6c73-4b48-8a44-8053c03092aa,,,,,,,,False,True,,False,Citizen,P&Z,,,0,0,,
1671,False,232121,Code Incident,Property Maintenance,False,"6/24/2022 4:17:25 PM",2206C-0029-PM,Canyon Nuckols,352 Old South High St,U joint in living room has been cracked for over 3 years. Floors are sloping inwards. Looks like house is caving in.,No Violations Found,"6/27/2022 1:00:00 PM","6/28/2022 11:28:21 AM",False,0.00,0.00,False,0,False,True,,,0.00,True,1,11375195.4000000,6845175.4200000,-78.8761204,38.4445764,352,352,Old South High St,Harrisonburg,VA,22801,025 H  4,5eaed603-cafe-4b4c-bccc-9a8a2541e8f9,,,,,,,,False,True,,False,Citizen,BLD,,,0,0,,
1672,False,232177,Code Incident,Working Without a Permit,True,"6/30/2022 9:04:44 AM",2206C-0037-NP,,555 N Willow St,installing furnace without a permit,Violations Remedied,"6/30/2022 10:30:00 AM","6/30/2022 12:34:11 PM",False,0.00,0.00,False,0,False,True,,,0.00,True,1,11375296.6000000,6849606.4500000,-78.8758303,38.4567448,555,555,N Willow St,Harrisonburg,VA,22802,036 B  3 4,3312302f-ed38-4342-8664-c6674f4332cb,,,,,,,,False,True,,False,Building Inspection,BLD,"7/30/2022 12:00:00 AM",,0,1,,
1673,False,229918,Code Incident,Unsafe Structure,False,"2/7/2022 12:33:49 PM",2202C-0004-UNS,,448 E Gay St,Fire has severely damaged interior of home. ,Order to Vacate,"7/5/2022 4:56:47 PM","7/5/2022 4:57:26 PM",False,0.00,0.00,False,0,False,True,,,0.00,True,1,11379641.5100000,6848054.7700000,-78.8606359,38.4525319,448,448,E Gay St,Harrisonburg,VA,22802,033 J  8,ddfa4ffe-b3e6-45ec-b5d2-7e6044a8c3f2,,,,,,,,False,True,,False,Fire,BLD,"8/4/2022 12:00:00 AM","3/10/2022 12:00:00 AM",16,16,,
1674,False,230216,Code Incident,"Junk, Trash and Debris",False,"2/17/2022 11:59:27 AM",2202C-0010-JNK,Anonymous,840 Jefferson St,"Large piles of junk, trash, at least 2 inoperable vehicles, and furniture. ",Return Receipt Rc'd,"5/20/2022 8:35:36 AM","7/6/2022 8:44:34 AM",False,0.00,0.00,False,0,False,True,,,0.00,True,1,11378835.1000000,6850460.2900000,-78.8634852,38.4591285,840,840,Jefferson St,Harrisonburg,VA,22802,040 E  3,935a4f4f-eca2-4a47-bc86-be43aa7a086a,,,,,,,,False,True,,False,Citizen,P&Z,,"3/3/2022 12:00:00 PM",1,2,,
1675,False,231661,Code Incident,Inoperable Vehicle,True,"5/18/2022 2:03:45 PM",2205C-0040-INOP,Wayne Westfall,64 W Bruce St,Inoperable vehicle in the parking lot.,Violations Remedied,"6/28/2022 12:30:00 AM","7/6/2022 1:02:35 PM",False,0.00,0.00,False,0,False,True,,,0.00,True,1,11376965.8700000,6846245.3900000,-78.8699537,38.4475342,64,64,W Bruce St,Harrisonburg,VA,22801,026 B 15 15-A,9660c5c8-dc3c-42ff-b0a8-793734af597f,,,,,,,,False,True,,False,Police,P&Z,,"6/24/2022 4:36:00 PM",0,1,,
1676,False,232240,Code Incident,Chickens,False,"7/7/2022 3:12:04 PM",2207C-0008-CHK,Ann Reed Held,16 W Washington St,Chickens and roosters with a permit.,,"7/7/2022 3:12:04 PM","7/7/2022 3:15:00 PM",False,0.00,0.00,False,0,False,True,,,0.00,True,1,11378811.3800000,6849720.3600000,-78.8635578,38.4570965,16,16,W Washington St,Harrisonburg,VA,22802,040 T  7A,985aa6df-4cbe-4390-a1e5-46aae275e966,,,,,,,,False,True,,False,Animal Control,P&Z,,,0,0,,
1677,False,232242,Code Incident,"Use: Occupancy",False,"7/7/2022 3:25:56 PM",2207C-0009-OCC,Steve Joseph,430 Ohio Ave,"Too many people living at this house.  Steve Joseph: 540-830-7125 Would like a call back with an update. ",,"7/7/2022 3:25:56 PM","7/7/2022 3:30:14 PM",False,0.00,0.00,False,0,False,True,,,0.00,True,1,11373505.4800000,6845307.4000000,-78.8820227,38.4449196,430,430,Ohio Ave,Harrisonburg,VA,22801,024 C  9-13,776daa3e-8190-4f17-a285-04ccb57a4460,,,,,,,,False,True,,False,Citizen,P&Z,,,0,0,,
1678,False,232232,Code Incident,Working Without a Permit,False,"7/7/2022 8:58:20 AM",2207C-0007-NP,,1561 Central Ave,Working on deck without permit. Making larger than existing,,"7/7/2022 8:58:20 AM","7/7/2022 5:01:54 PM",False,0.00,0.00,False,0,False,True,,,0.00,True,1,11371803.2100000,6841187.6300000,-78.8879056,38.4335874,1561,1561,Central Ave,Harrisonburg,VA,22801,019 I  5,5b6b740c-f8fb-470f-ba4c-4e30acaf7833,,,,,,,,False,True,,False,Building Inspection,BLD,,,0,0,,
1679,False,232219,Code Incident,Tall Grass and Weeds,True,"7/6/2022 10:43:14 AM",2207C-0001-TGW,Anonymous,981 Smith Ave,Tall grass and weeds.,No Violations Found,"7/6/2022 10:30:00 AM","7/8/2022 10:21:22 AM",False,0.00,0.00,False,0,False,True,,,0.00,True,1,11373466.8800000,6853221.5300000,-78.8822726,38.4666508,981,981,Smith Ave,Harrisonburg,VA,22802,048 I 14,8d73ae8e-4bc1-427a-82c2-16b19197e3a5,,,,,,,,False,True,,False,Citizen,P&Z,,,0,0,,
1680,False,232222,Code Incident,Tall Grass and Weeds,True,"7/6/2022 10:50:37 AM",2207C-0004-TGW,Anonymous,908 Vine St,Tall grass and weeds.,No Violations Found,"7/6/2022 10:45:00 AM","7/8/2022 10:22:19 AM",False,0.00,0.00,False,0,False,True,,,0.00,True,1,11382118.7200000,6846372.6800000,-78.8519631,38.4479394,908,908,Vine St,Harrisonburg,VA,22802,028 N 46,07b5e292-fc50-44ee-b582-360af7a72c79,,,,,,,,False,True,,False,Citizen,P&Z,,,0,0,,
1681,False,232220,Code Incident,Tall Grass and Weeds,False,"7/6/2022 10:46:01 AM",2207C-0002-TGW,Anonymous,904 Vine St,Tall grass and weeds.,Tall Weeds and Grass Notice,"7/8/2022 1:40:21 PM","7/8/2022 1:58:24 PM",False,0.00,0.00,False,0,False,True,,,0.00,True,1,11382102.3800000,6846405.4100000,-78.8520206,38.4480291,904,904,Vine St,Harrisonburg,VA,22802,028 N 44,22f32515-df6a-449f-8c47-5ac7bf53b3b3,,,,,,,,False,True,,False,Citizen,P&Z,,,0,0,,
1682,False,232223,Code Incident,Tall Grass and Weeds,False,"7/6/2022 10:51:45 AM",2207C-0005-TGW,Anonymous,910 Vine St,Tall grass and weeds.,Tall Weeds and Grass Notice,"7/8/2022 2:09:06 PM","7/8/2022 2:31:32 PM",False,0.00,0.00,False,0,False,True,,,0.00,True,1,11382127.1000000,6846355.9200000,-78.8519336,38.4478934,910,910,Vine St,Harrisonburg,VA,22802,028 N 47,0a6f5ad0-f9a5-4a69-9a32-8620f3df97c0,,,,,,,,False,True,,False,Citizen,P&Z,,,0,0,,
1683,False,232147,Code Incident,Working Without a Permit,True,"6/27/2022 2:12:44 PM",2206C-0031-NP,,911 Chestnut Dr,"During service change inspection, noticed un-permitted plumbing and electrical work, finished and in process.  Door hanger placed 6/28/22.  TH",Violations Remedied,"7/11/2022 9:15:00 AM","7/11/2022 8:27:10 AM",False,0.00,0.00,False,0,False,True,,,0.00,True,1,11372108.8600000,6844428.1500000,-78.8868862,38.4424892,911,911,Chestnut Dr,Harrisonburg,VA,22801,023 D 56 57,81f00a3e-c42d-49bd-88fe-f70679fe11e5,,,,,,,,False,True,,False,Citizen,BLD,,,0,0,,
1684,False,231453,Code Incident,Chickens,True,"5/6/2022 5:56:16 PM",2205C-0007-CHK,Anonymous,1735 Kingston Ct,Chickens being kept under the deck with no permit,Violations Remedied,"7/11/2022 9:30:00 AM","7/11/2022 9:34:53 AM",False,0.00,0.00,False,0,False,True,,,0.00,True,1,11369767.1500000,6839903.1400000,-78.8949942,38.4300364,1735,1735,Kingston Ct,Harrisonburg,VA,22801,009 I  4,44b5e61d-6c28-411e-9263-0d9ab0813d2f,,,,,,,,False,True,,False,Citizen,P&Z,,"5/20/2022 5:45:00 PM",0,1,,
1685,False,231651,Code Incident,"Use: Other",True,"5/18/2022 11:27:01 AM",2205C-0034-USE,Ann Reed Held,1162 Nelson Dr,Keeping bees (agricultural use),Violations Remedied,"6/6/2022 12:30:00 AM","7/11/2022 11:57:28 AM",False,0.00,0.00,False,0,False,True,,,0.00,True,1,11380168.4700000,6835730.6100000,-78.8586277,38.4186961,1162,1162,Nelson Dr,Harrisonburg,VA,22801,084 E 31,19b701fd-b34c-464a-92e1-7f5a2bac8ea1,,,,,,,,False,True,,False,Animal Control,P&Z,,,0,0,,
1686,False,232226,Code Incident,Tall Grass and Weeds,True,"7/6/2022 12:52:05 PM",2207C-0006-TGW,Anonymous,1936 Medical Ave,Tall Grass and Weeds on the property ,No Violations Found,"7/8/2022 1:00:00 PM","7/11/2022 2:40:28 PM",False,0.00,0.00,False,0,False,True,,,0.00,True,1,11381720.4800000,6839027.4100000,-78.8532550,38.4277655,1936,1936,Medical Ave,Harrisonburg,VA,22801,079 B 14,d666b67d-8a9a-47be-b2bf-9b8134b307a8,,,,,,,,False,True,,False,Citizen,P&Z,,,0,0,,
1687,False,232173,Code Incident,Tall Grass and Weeds,True,"6/29/2022 1:46:23 PM",2206C-0036-TGW,Anonymous,915 Circle Dr,Tall grass and weeds on front and rear yards.,No Violations Found,"6/29/2022 1:45:00 PM","7/11/2022 3:14:36 PM",False,0.00,0.00,False,0,False,True,,,0.00,True,1,11370747.5900000,6845960.4700000,-78.8916619,38.4466810,915,915,Circle Dr,Harrisonburg,VA,22801,022 A 25,aaffe2d0-773a-4e94-b0a8-309cb0aba683,,,,,,,,False,True,,False,Citizen,P&Z,,,0,0,,
1688,False,231656,Code Incident,"Use: Other",False,"5/18/2022 12:02:17 PM",2205C-0038-USE,,211 Broad St,City staff believes this property has lost the nonconforming status of the 4-unit multifamily structure. ,,"5/18/2022 12:02:17 PM","7/12/2022 10:32:30 AM",False,0.00,0.00,False,0,False,True,,,0.00,True,1,11378613.8400000,6847609.0500000,-78.8642183,38.4512968,211,211,Broad St,Harrisonburg,VA,22802,034 O  4,6f8e77dc-6ebe-4d0c-899d-05da8494db04,,,,,,,,False,True,,False,CE Officer,P&Z,,,0,0,,
1689,False,231737,Code Incident,"Use: Occupancy",False,"5/24/2022 12:17:54 PM",2205C-0047-OCC,Anonymous,69 Middlebrook St,Complaint stated that Oxford House is operating a drug and alcohol recovery housing at this property and it has occupancy of at least 10 people in it.,Return Receipt Rc'd,"7/5/2022 12:00:00 AM","7/12/2022 11:03:07 AM",False,0.00,0.00,False,0,False,True,,,0.00,True,1,11370434.5700000,6839355.0200000,-78.8926562,38.4285392,69,69,Middlebrook St,Harrisonburg,VA,22801,009 H  2,5644b1fd-e5e1-4a25-a784-441711587187,,,,,,,,False,True,,False,Citizen,P&Z,,,0,0,,
1690,False,218067,Code Incident,"Use: Occupancy",False,"3/4/2020 4:05:13 PM",2003C-0004-OCC,,760 Collicello St,,Return Receipt Rc'd,"7/5/2022 12:00:00 AM","7/12/2022 11:11:36 AM",False,0.00,0.00,False,0,False,True,,,0.00,True,1,11377232.8400000,6850180.6100000,-78.8690768,38.4583430,760,760,Collicello St,Harrisonburg,VA,22802,040 R  6,45f9ea82-7708-4906-950b-2f6ba84067aa,,,,,,,,False,True,,False,Citizen,P&Z,,,0,0,,
1691,False,231781,Code Incident,Inoperable Vehicle,False,"5/27/2022 11:35:52 AM",2205C-0055-INOP,Jonathan Crosby,314 W Bruce St,Inoperable vehicles,Return Receipt Rc'd,"7/12/2022 11:12:21 AM","7/12/2022 11:13:14 AM",False,0.00,0.00,False,0,False,True,,,0.00,True,1,11375525.5700000,6846519.1500000,-78.8749867,38.4482699,314,314,W Bruce St,Harrisonburg,VA,22801,025 A  2,58d032c1-6db7-42cc-aadb-365664473374,,,,,,,,False,True,,False,Building Inspection,P&Z,,,0,0,,
1692,False,231442,Code Incident,Floodplain,False,"5/5/2022 2:09:50 PM",2205C-0005-FLD,Christopher Perez-Leon,1787 Park Lawn Dr,"While conducting an inspection on 1791 Park Lawn Dr, zoning staff determined that the accessory structure on the adjacent property (1787 Park Lawn Dr) was likely in the floodway and in violation of the Floodplain Ordinance. Aerial GIS images show at least half of the structure being located within the floodway. ",Return Receipt Rc'd,"6/30/2022 12:00:00 AM","7/12/2022 11:16:31 AM",False,0.00,0.00,False,0,False,True,,,0.00,True,1,11367654.8100000,6847595.2400000,-78.9024859,38.4511332,1787,1787,Park Lawn Dr,Harrisonburg,VA,22801,123 E 45,613cfd5c-90a4-4f21-9e59-d00344f70c96,,,,,,,,False,True,,False,CE Officer,P&Z,,,0,0,,
1693,False,228846,Code Incident,Setback,False,"11/17/2021 9:20:38 AM",2111C-0017-NU,Anonymous,1791 Park Lawn Dr,Shed in back yard is less than five (5) feet from the side and rear property lines.,Return Receipt Rc'd,"6/30/2022 12:00:00 AM","7/12/2022 11:46:36 AM",False,0.00,0.00,False,0,False,True,,,0.00,True,1,11367630.8100000,6847667.6700000,-78.9025708,38.4513318,1791,1791,Park Lawn Dr,Harrisonburg,VA,22801,123 E 46,2cd833a9-670b-4b1a-a724-d8c3d7ff1995,,,,,,,,False,True,,False,Citizen,P&Z,,,0,0,,
1694,False,231983,Code Incident,Tall Grass and Weeds,False,"6/13/2022 3:45:34 PM",2206C-0013-TGW,Anonymous,717 Foley Rd,Tall grass and weeds.,Return Receipt Rc'd,"6/23/2022 12:00:00 AM","7/12/2022 11:50:51 AM",False,0.00,0.00,False,0,False,True,,,0.00,True,1,11381188.2700000,6836829.7200000,-78.8550831,38.4217251,717,717,Foley Rd,Harrisonburg,VA,22801,084 A  3,f4256bb7-9207-4fe4-a0ed-886a3b13104c,,,,,,,,False,True,,False,Citizen,P&Z,,"6/18/2022 12:00:00 AM",1,1,,
1695,False,218066,Code Incident,"Use: Occupancy",False,"3/4/2020 4:03:35 PM",2003C-0003-OCC,,339 W Water St,,Return Receipt Rc'd,"7/5/2022 12:00:00 AM","7/12/2022 11:56:31 AM",False,0.00,0.00,False,0,False,True,,,0.00,True,1,11375551.5000000,6846829.0800000,-78.8749006,38.4491212,339,339,W Water St,Harrisonburg,VA,22801,025 A 20,7944031f-7861-4175-ac51-cbabfa7501c8,,,,,,,,False,True,,False,Citizen,P&Z,,,0,0,,
1696,False,232249,Code Incident,Inoperable Vehicle,False,"7/8/2022 11:45:51 AM",2207C-0011-INOP,Anonymous,937 N Main St,There is a car that does not have tags in the driveway and wrecked travel trailer in the rear yard.,Inoperable Vehicle Notice,"7/14/2022 12:57:46 PM","7/14/2022 4:05:51 PM",False,0.00,0.00,False,0,False,True,,,0.00,True,1,11380336.1400000,6850570.3700000,-78.8582446,38.4594470,937,937,N Main St,Harrisonburg,VA,22802,041 F  1,f97cbf15-baf7-4f8a-9f45-5932cff0c919,,,,,,,,False,True,,False,Citizen,P&Z,"7/25/2022 12:00:00 PM",,1,1,,
1697,False,232243,Code Incident,"Use: Other",False,"7/7/2022 3:27:22 PM",2207C-0010-USE,Steve Joseph,430 Ohio Ave,"Complainant said that the tenant is operating an auto repair business out of the home. He said there are many cars in the driveway and in the yard.   Steve Joseph: 540-830-7125 Would like a call back with an update. ",Correction Notice,"7/15/2022 9:52:57 AM","7/15/2022 9:55:14 AM",False,0.00,0.00,False,0,False,True,,,0.00,True,1,11373505.4800000,6845307.4000000,-78.8820227,38.4449196,430,430,Ohio Ave,Harrisonburg,VA,22801,024 C  9-13,3c2518a0-a6ec-4d97-aa15-4fb7f752a8c6,,,,,,,,False,True,,False,Citizen,P&Z,,,0,0,,
1698,False,228925,Code Incident,"Junk, Trash and Debris",False,"12/1/2021 11:20:18 AM",2112C-0001-JNK,Anonymous,552 E Market St,Junk and indoor furniture on front porch. ,Return Receipt Rc'd,"7/8/2022 12:30:38 PM","7/18/2022 10:19:39 AM",False,0.00,0.00,False,0,False,True,,,0.00,True,1,11380057.4900000,6846745.4600000,-78.8591655,38.4489411,552,552,E Market St,Harrisonburg,VA,22801,027 B  5,1e9dab52-6b6b-4b15-af99-73a4524d6424,,,,,,,,False,True,,False,Citizen,P&Z,,"12/15/2021 12:00:00 AM",1,1,,
1699,False,232743,Code Incident,Chickens,False,"7/18/2022 9:59:14 AM",2207C-0020-CHK,Ann Reed Held,411 Monticello Ave,The property owner applied for a chicken permit but has not met all zoning requirements. The chicken coop needs to be moved to the rear yard of the property. ,Correction Notice,"7/18/2022 10:01:21 AM","7/18/2022 10:22:10 AM",False,0.00,0.00,False,0,False,True,,,0.00,True,1,11378597.0100000,6844601.0100000,-78.8642354,38.4430367,411,411,Monticello Ave,Harrisonburg,VA,22801,026 S 11,1b6e2040-4ca5-4212-9048-9f0e0ba88040,,,,,,,,False,True,,False,Planning & Zoning,P&Z,,,0,0,,
1700,False,232756,Code Incident,Unfit for Human Habitation,False,"7/18/2022 1:57:45 PM",2207C-0021-UNF,,206 Community St Ste A,,Unfit for Occupancy Notice,"7/18/2022 3:26:43 PM","7/19/2022 2:10:58 PM",False,0.00,0.00,False,0,False,True,,,0.00,True,1,11378418.8400000,6847556.9700000,-78.8648985,38.4511517,206,206,Community St,Harrisonburg,VA,22802,034 O 11 12,9530c91f-c550-4f96-bbca-2c97091d5138,,,,,,,,False,True,,False,Citizen,BLD,"8/3/2022 12:00:00 AM",,4,4,,
1701,False,232020,Code Incident,Chickens,False,"6/15/2022 3:06:54 PM",2206C-0023-CHK,Ann Reed Held,869 Virginia Ave,Chickens without a permit,Correction Notice,"7/19/2022 2:22:11 PM","7/19/2022 2:39:29 PM",False,0.00,0.00,False,0,False,True,,,0.00,True,1,11376882.0700000,6850729.0500000,-78.8703095,38.4598451,869,869,Virginia Ave,Harrisonburg,VA,22802,039 N  7,3d5caf9b-7e73-47d5-b6d9-c56337ab950f,,,,,,,,False,True,,False,Animal Control,P&Z,,,0,0,,
1702,False,231780,Code Incident,"Junk, Trash and Debris",True,"5/27/2022 11:33:02 AM",2205C-0054-JNK,,680 S Mason St,Junk and trash in side yard.,Violations Remedied,"6/13/2022 12:30:00 AM","7/19/2022 3:21:33 PM",False,0.00,0.00,False,0,False,True,,,0.00,True,1,11376807.4600000,6843993.2000000,-78.8704751,38.4413481,680,680,S Mason St,Harrisonburg,VA,22801,016 D  3,718d5b90-4690-4fbd-b06d-c4f86575d09c,,,,,,,,False,True,,False,Citizen,PW,,,0,0,,
1703,False,231982,Code Incident,Tall Grass and Weeds,True,"6/13/2022 3:25:24 PM",2206C-0012-TGW,Anonymous,774 Foley Rd,Tall grass and weeds.,Violations Remedied,"6/29/2022 12:30:00 AM","7/19/2022 3:22:38 PM",False,0.00,0.00,False,0,False,True,,,0.00,True,1,11380315.4000000,6836308.4800000,-78.8581227,38.4202845,774,774,Foley Rd,Harrisonburg,VA,22801,084 C 13,f124ce31-dc33-4ac4-8877-abdf2a797e85,,,,,,,,False,True,,False,Citizen,P&Z,,"6/18/2022 12:00:00 AM",1,1,,
1704,False,232776,Code Incident,"Junk, Trash and Debris",False,"7/20/2022 9:42:25 AM",2207C-0024-JNK,Anonymous,465 S Mason St,Junk and trash next to dumpster.,,"7/20/2022 9:42:25 AM","7/20/2022 10:07:26 AM",False,0.00,0.00,False,0,False,True,,,0.00,True,1,11377426.4000000,6845104.9100000,-78.8683297,38.4444076,465,465,S Mason St,Harrisonburg,VA,22801,026 O 11,76c3bc46-caf8-4496-95ce-261caaf057ee,,,,,,,,False,True,,False,Citizen,PW,,,0,0,,
1705,False,232636,Code Incident,Tall Grass and Weeds,False,"7/11/2022 2:49:15 PM",2207C-0014-TGW,Anonymous,88 Kenmore St,Tall grass and weeds on an undeveloped property.,Return Receipt Rc'd,"7/15/2022 12:00:00 AM","7/20/2022 12:20:15 PM",False,0.00,0.00,False,0,False,True,,,0.00,True,1,11380475.5000000,6845018.7100000,-78.8576824,38.4442040,88,88,Kenmore St,Harrisonburg,VA,22801,027 M  6,459160df-e413-468a-ab1e-970052572eda,,,,,,,,False,True,,False,Citizen,P&Z,,"7/16/2022 10:30:00 AM",1,1,,
1706,False,232221,Code Incident,Tall Grass and Weeds,False,"7/6/2022 10:48:25 AM",2207C-0003-TGW,Anonymous,906 Vine St,Tall grass and weeds.,Return Receipt Rc'd,"7/18/2022 12:00:00 AM","7/20/2022 12:25:30 PM",False,0.00,0.00,False,0,False,True,,,0.00,True,1,11382108.9700000,6846389.9800000,-78.8519974,38.4479868,906,906,Vine St,Harrisonburg,VA,22802,028 N 45,b0f8c392-0e59-43f3-86d8-53ed63414df1,,,,,,,,False,True,,False,Citizen,P&Z,,,0,0,,
1707,False,232658,Code Incident,Signage,False,"7/12/2022 11:47:22 AM",2207C-0016-SIGN,Anonymous,130 University Blvd,Feather flags and yard signs on the property.,Inspection,"7/12/2022 11:45:00 AM","7/20/2022 2:27:43 PM",False,0.00,0.00,False,0,False,True,,,0.00,True,1,11383258.2200000,6839647.8400000,-78.8478953,38.4294853,130,130,University Blvd,Harrisonburg,VA,22801,078 C  1,9d38bf8b-354c-4234-ab27-700c18a5be30,,,,,,,,False,True,,False,Citizen,P&Z,,,0,0,,
1708,False,232681,Code Incident,Working Without a Permit,True,"7/13/2022 2:39:04 PM",2207C-0019-NP,,486 Myers Ave,While driving by I saw new deck work going on from Paul St.,Violations Remedied,"7/15/2022 10:30:00 AM","7/20/2022 4:48:46 PM",False,0.00,0.00,False,0,False,True,,,0.00,True,1,11378736.5500000,6843908.4300000,-78.8637387,38.4411365,486,486,Myers Ave,Harrisonburg,VA,22801,027 V  1,3c1b6e75-9497-49e6-918a-8b6fb9ecfe9f,,,,,,,,False,True,,False,Citizen,BLD,,,0,0,,
1709,False,232770,Code Incident,Tall Grass and Weeds,False,"7/19/2022 1:09:43 PM",2207C-0023-TGW,Anonymous,1205 Windsor Rd,Tall grass on the property,Verbal Notice,"7/20/2022 5:04:13 PM","7/21/2022 10:07:44 AM",False,0.00,0.00,False,0,False,True,,,0.00,True,1,11379202.3100000,6836102.8700000,-78.8620050,38.4197079,1205,1205,Windsor Rd,Harrisonburg,VA,22801,084 D 20,95f0744c-f3ca-453a-8612-1d6f33bc7111,,,,,,,,False,True,,False,Citizen,P&Z,,,0,0,,
1710,False,232671,Code Incident,Inoperable Vehicle,True,"7/13/2022 9:42:00 AM",2207C-0018-INOP,Christopher Perez-Leon,323 W Water St,Inoperable vehicles in rear yard of property. ,Violations Remedied,"7/21/2022 11:15:00 AM","7/21/2022 11:09:50 AM",False,0.00,0.00,False,0,False,True,,,0.00,True,1,11375604.0400000,6846837.3000000,-78.8747172,38.4491444,323,323,W Water St,Harrisonburg,VA,22801,025 A 21,fd89ae96-2fe6-4e88-a222-77958a661734,,,,,,,,False,True,,False,Planning & Zoning,P&Z,,,0,0,,
1711,False,231782,Code Incident,Inoperable Vehicle,True,"5/27/2022 11:38:29 AM",2205C-0056-INOP,,141 Academy St,Inoperable vehicle,Violations Remedied,"7/18/2022 12:30:00 AM","7/21/2022 11:10:54 AM",False,0.00,0.00,False,0,False,True,,,0.00,True,1,11375634.7500000,6846629.9500000,-78.8746071,38.4485753,141,141,Academy St,Harrisonburg,VA,22801,025 A  1-A,2e97b518-4b65-4737-a281-99618bc00d52,,,,,,,,False,True,,False,Planning,P&Z,,,0,0,,
1712,False,231783,Code Incident,Inoperable Vehicle,True,"5/27/2022 11:41:33 AM",2205C-0057-INOP,,131 Academy St,Inoperable vehicles,Violations Remedied,"7/18/2022 12:30:00 AM","7/21/2022 11:11:25 AM",False,0.00,0.00,False,0,False,True,,,0.00,True,1,11375630.7400000,6846721.1100000,-78.8746224,38.4488256,131,131,Academy St,Harrisonburg,VA,22801,025 A 22,3d876595-4398-43cd-aca5-7024a5b7d980,,,,,,,,False,True,,False,Planning,P&Z,,"6/10/2022 11:30:00 AM",1,1,,
1713,False,232790,Code Incident,"Junk, Trash and Debris",False,"7/21/2022 11:34:46 AM",2207C-0026-JNK,Anonymous,560 Norwood St,junk and trash around the dumpster enclosure ,,"7/21/2022 11:34:46 AM","7/21/2022 11:41:23 AM",False,0.00,0.00,False,0,False,True,,,0.00,True,1,11380610.5300000,6845317.3100000,-78.8572150,38.4450254,560,560,Norwood St,Harrisonburg,VA,22801,027 S 30-34,c05538c3-7f7f-4ce0-8e2e-d558d096067c,,,,,,,,False,True,,False,Citizen,PW,,,0,0,,
1714,False,232791,Code Incident,"Junk, Trash and Debris",False,"7/21/2022 11:39:45 AM",2207C-0027-JNK,Anonymous,592 Hawkins St,couch abandoned near the dumpster,,"7/21/2022 11:39:45 AM","7/21/2022 11:42:27 AM",False,0.00,0.00,False,0,False,True,,,0.00,True,1,11380772.8800000,6845609.6200000,-78.8566521,38.4458298,592,592,Hawkins St,Harrisonburg,VA,22801,027 L 13,31e031b3-a758-4c98-8d6f-ac5211f28eb0,,,,,,,,False,True,,False,Citizen,PW,,,0,0,,
1715,False,232254,Code Incident,Tall Grass and Weeds,True,"7/8/2022 3:15:38 PM",2207C-0013-TGW,Anonymous,1767 Pear St,Tall grass and weeds.,Violations Remedied,"7/19/2022 12:30:00 AM","7/21/2022 4:29:06 PM",False,0.00,0.00,False,0,False,True,,,0.00,True,1,11369003.4400000,6841066.5700000,-78.8976778,38.4332221,1767,1767,Pear St,Harrisonburg,VA,22801,009 T  2,e2422e93-f821-4b1e-928c-288a1b0fd6ae,,,,,,,,False,True,,False,Citizen,P&Z,,,0,0,,
1716,False,232092,Code Incident,"Junk, Trash and Debris",True,"6/23/2022 11:01:47 AM",2206C-0028-JNK,Anonymous,537 W Wolfe St,Junk in rear yard.,Violations Remedied,"7/8/2022 12:00:00 PM","7/21/2022 4:30:21 PM",False,0.00,0.00,False,0,False,True,,,0.00,True,1,11374696.4600000,6848146.5600000,-78.8779051,38.4527293,537,537,W Wolfe St,Harrisonburg,VA,22802,036 O 15,f658f116-14ae-4d78-8ee6-b66d83d04760,,,,,,,,False,True,,False,Citizen,PW,,,0,0,,
1717,False,232140,Code Incident,Property Maintenance,True,"6/27/2022 12:16:45 PM",2206C-0030-PM,,6 Holly Ct Apt B,Contact from Ms. Maricris Martinez (540-214-6348).  Cockroach infestation reported.  Maintenance has been informed by Ms. Martinez but nothing has resulted from contact.,Violations Remedied,"7/25/2022 9:00:00 AM","7/22/2022 9:02:47 AM",False,0.00,0.00,False,0,False,True,,,0.00,True,1,11381450.2800000,6843232.4300000,-78.8542548,38.4393094,6,6,Holly Ct,Harrisonburg,VA,22801,014 O  1  14 M 8,d6223be4-bb33-45f0-a9ba-183d117da962,,,,,,,,False,True,,False,Citizen,BLD,,,0,0,,
1718,False,232666,Code Incident,Property Maintenance,False,"7/12/2022 3:42:08 PM",2207C-0017-PM,,1057 Chicago Ave,"1.  Swimming pool in backyard without enclosure.  2.  Exterior surfaces surrounding various windows not maintained in good condition and missing trim and surrounding siding.  3.  Roof drains / downspouts not connected in some locations.   Combined from original report via Public Web #2206C-0003-NP: Zoning violation-Above ground swimming pool installed without a permit and fence or barrier. The pool contains more than 5100 gallons of water, and the water depth is above 30 inches. The pool is not being drained into a sanitary sewer. The pool is located in the backyard where construction/modification is being conducted in the basement and cars are constantly parked in the backyard, transpassing neighbors' area. All these activities are being done without a permit being displayed for the community. Children from neighbors are being exposed to unsafety activities coming from this address. ",Correction Notice,"7/12/2022 4:25:32 PM","7/22/2022 9:51:27 AM",False,0.00,0.00,False,0,False,True,,,0.00,True,1,11374551.1100000,6853610.5700000,-78.8784914,38.4677314,1057,1057,Chicago Ave,Harrisonburg,VA,22802,048 D 27,044080ba-baf1-48f1-8689-4276d8da546b,,,,,,,,False,True,,False,Citizen,BLD,"8/11/2022 12:00:00 AM",,3,3,,
1719,False,232788,Code Incident,Working Without a Permit,True,"7/21/2022 8:52:23 AM",2207C-0025-NP,,468 Preston Dr,Drove by 3 days in a row with Landes HVAC vehicle in front.  Stopped on 7/21/22 knocked and the crew came out and informed me they were installing GAS furnace/s.  I informed them they needed a permit.  I called Anthony at Landes 540-434-5988 and it was an emergency install due to no A/C and that Landes was aware of the need for permit but they hadn't sent it to our office yet. ,Violations Remedied,"7/25/2022 9:30:00 AM","7/22/2022 10:43:52 AM",False,0.00,0.00,False,0,False,True,,,0.00,True,1,11379143.4300000,6843821.5700000,-78.8623169,38.4409024,468,468,Preston Dr,Harrisonburg,VA,22801,015 P  4,fd624766-921c-4162-8e22-b02e5c52a6f4,,,,,,,,False,True,,False,Citizen,BLD,,,0,0,,
1720,False,228016,Code Incident,"Junk, Trash and Debris",True,"9/21/2021 2:36:46 PM",2109C-0020-JNK,,135 Campbell St,Junk in front yard and porch.,Violations Remedied,"5/24/2022 12:30:00 AM","7/22/2022 11:26:45 AM",False,0.00,0.00,False,0,False,True,,,0.00,True,1,11377431.0600000,6845327.7100000,-78.8683165,38.4450194,135,135,Campbell St,Harrisonburg,VA,22801,026 O  6,2c5132a1-4f6e-4dc4-b3b4-8396fe17d2f5,,,,,,,,False,True,,False,Public Works,P&Z,,"10/5/2021 12:00:00 AM",1,1,,
1721,False,232015,Code Incident,"Use: Other",False,"6/15/2022 12:36:27 PM",2206C-0021-USE,Anonymous,1791 Park Lawn Dr,Basement Apartment and addtion were created without permits,Under Investigation by Building Inspections,"7/22/2022 2:24:02 PM","7/22/2022 2:24:15 PM",False,0.00,0.00,False,0,False,True,,,0.00,True,1,11367552.4300000,6847660.3600000,-78.9028444,38.4513108,1791,1791,Park Lawn Dr,Harrisonburg,VA,22801,123 E 46,ce72674d-b0d4-4c10-b0bd-76e4e004bfa8,,,,,,,,False,True,,False,Citizen,P&Z,,,0,0,,
1722,False,232014,Code Incident,"Use: Occupancy",True,"6/15/2022 12:34:14 PM",2206C-0020-OCC,Anonymous,1791 Park Lawn Dr,Multiple families (14 people) living in the house.,No Violations Found,"8/5/2022 12:00:00 AM","7/22/2022 2:37:18 PM",False,0.00,0.00,False,0,False,True,,,0.00,True,1,11367593.1400000,6847660.1900000,-78.9027022,38.4513108,1791,1791,Park Lawn Dr,Harrisonburg,VA,22801,123 E 46,3431f45a-9755-436d-9461-1d189e5d24ec,,,,,,,,False,True,,False,Citizen,P&Z,,,0,0,,
1723,False,232766,Code Incident,Tall Grass and Weeds,False,"7/19/2022 10:48:07 AM",2207C-0022-TGW,,1718 Central Ave,Neighbor complaining that the alley behind her house is unkempt and not maintained or mowed. She maintains her portion of the alley but the neighbor adjoining her does not. She would like for someone to come by her residence and see for yourself.,No Violations Found,"7/19/2022 10:48:07 AM","7/22/2022 3:56:52 PM",False,0.00,0.00,False,0,False,True,,,0.00,True,1,11370756.2400000,6839331.1800000,-78.8915329,38.4284775,1718,1718,Central Ave,Harrisonburg,VA,22801,010 L 28,baa92bb5-5cb2-48ff-853a-290fc2de89ed,,,,,,,,False,True,,False,Citizen,P&Z,,,0,0,,
